,station_id,station_lat,station_lon,station_domain,early_late,early_days,late_days,both_days
0,USC00170814,45.6603,-69.812,1.0,3.0,10228.0,10958.0,21186.0
1,USC00174781,45.2219,-70.1983,1.0,,,,
2,USC00175675,44.0436,-69.5375,1.0,2.0,,10958.0,
3,USC00176902,43.65,-70.25,1.0,,,,
4,USC00177330,44.55,-70.55,1.0,,,,
5,USC00179151,44.5272,-69.6544,1.0,2.0,,10958.0,
6,USC00179314,43.6878,-70.6128,1.0,,,,
7,USC00190408,42.4281,-72.0275,1.0,2.0,,9497.0,
8,USC00190562,42.2797,-72.3483,1.0,3.0,10958.0,9863.0,20821.0
9,USC00190736,42.2122,-71.1136,1.0,3.0,10958.0,10958.0,21916.0
10,USC00191436,42.3833,-72.85,1.0,1.0,10227.0,,
11,USC00192642,41.7167,-71.1333,1.0,,,,
12,USC00193624,42.2269,-70.9125,1.0,2.0,,10228.0,
13,USC00194744,42.5933,-71.0186,1.0,3.0,10593.0,10958.0,21551.0
14,USC00195524,42.115,-71.6761,1.0,2.0,,10958.0,
15,USC00196783,42.5239,-71.125,1.0,,,,
16,USC00271682,43.205,-71.535,1.0,,,,
17,USC00275868,43.3772,-72.1811,1.0,3.0,9862.0,10958.0,20820.0
18,USC00280729,40.8333,-75.0833,1.0,1.0,10227.0,,
19,USC00283516,41.1386,-74.3244,1.0,1.0,10958.0,,
20,USC00300047,42.6461,-73.7472,1.0,,,,
21,USC00300785,43.4361,-75.3697,1.0,3.0,10592.0,10228.0,20820.0
22,USC00301010,42.8833,-78.8833,1.0,,,,
23,USC00302610,42.0997,-76.8358,1.0,3.0,10958.0,10228.0,21186.0
24,USC00303033,42.4497,-79.312,1.0,1.0,10958.0,,
25,USC00303259,41.5167,-73.9333,1.0,1.0,10958.0,,
26,USC00303346,44.3539,-75.5122,1.0,3.0,10958.0,9132.0,20090.0
27,USC00303851,43.6053,-75.5545,1.0,3.0,10958.0,10958.0,21916.0
28,USC00303970,43.3117,-74.2478,1.0,1.0,10592.0,,
29,USC00304647,44.7583,-74.6692,1.0,1.0,9862.0,,
30,USC00304772,42.0636,-77.1467,1.0,,,,
31,USC00304836,42.6703,-76.4722,1.0,1.0,10593.0,,
32,USC00304912,43.7928,-75.4828,1.0,3.0,10958.0,10226.0,21184.0
33,USC00305816,40.7,-74.0167,1.0,,,,
34,USC00305869,44.8053,-74.9997,1.0,1.0,10226.0,,
35,USC00306314,43.45,-76.5369,1.0,3.0,10227.0,10227.0,20454.0
36,USC00306441,40.7967,-73.0014,1.0,1.0,9863.0,,
37,USC00308160,42.4,-74.6333,1.0,1.0,10958.0,,
38,USC00308594,42.0667,-77.4833,1.0,1.0,10958.0,,
39,USC00309425,42.0597,-77.7553,1.0,2.0,,10227.0,
40,USC00360475,40.7628,-80.3133,1.0,3.0,10958.0,9131.0,20089.0
41,USC00360868,41.8981,-78.7144,1.0,3.0,10228.0,10958.0,21186.0
42,USC00361480,41.0489,-77.9411,1.0,1.0,10228.0,,
43,USC00361512,40.1167,-80.4667,1.0,,,,
44,USC00361705,39.7994,-79.3664,1.0,3.0,10593.0,10958.0,21551.0
45,USC00361833,41.7375,-77.1158,1.0,2.0,,10227.0,
46,USC00362470,40.4681,-78.7308,1.0,2.0,,10593.0,
47,USC00362671,41.8722,-75.2656,1.0,,,,
48,USC00362942,40.715,-79.5133,1.0,3.0,10592.0,10593.0,21185.0
49,USC00363130,41.7356,-77.6517,1.0,3.0,9863.0,10958.0,20821.0
50,USC00364008,41.3833,-75.4333,1.0,1.0,10958.0,,
51,USC00364214,40.5972,-79.1186,1.0,3.0,10958.0,9861.0,20819.0
52,USC00365686,39.7808,-79.0411,1.0,,,,
53,USC00365902,40.6475,-80.3861,1.0,2.0,,10228.0,
54,USC00366151,40.6142,-79.7192,1.0,3.0,10593.0,10227.0,20820.0
55,USC00367727,41.7833,-76.1167,1.0,1.0,10958.0,,
56,USC00367782,40.51,-79.5458,1.0,2.0,,10958.0,
57,USC00368145,41.3203,-78.0958,1.0,1.0,9862.0,,
58,USC00368905,41.7511,-76.4431,1.0,3.0,10228.0,9862.0,20090.0
59,USC00369298,41.8467,-79.1494,1.0,3.0,10227.0,10958.0,21185.0
60,USC00431072,44.4833,-73.1833,1.0,,,,
61,USC00436761,42.75,-72.9333,1.0,1.0,10958.0,,
62,USC00437054,44.42,-72.0194,1.0,3.0,10228.0,10958.0,21186.0
63,USC00437152,42.8667,-72.9167,1.0,1.0,10593.0,,
64,USC00439099,44.6464,-71.9833,1.0,1.0,10593.0,,
65,USC00439735,42.8,-72.9167,1.0,1.0,10593.0,,
66,USC00462920,39.4583,-80.1353,1.0,3.0,10958.0,8766.0,19724.0
67,USC00469492,40.1,-80.7,1.0,,,,
68,USW00003872,37.7836,-81.1231,1.0,2.0,,10958.0,
69,USW00004725,42.1997,-75.985,1.0,3.0,10593.0,10958.0,21551.0
70,USW00004781,40.7939,-73.1017,1.0,2.0,,10958.0,
71,USW00013729,38.8853,-79.8528,1.0,3.0,10227.0,10958.0,21185.0
72,USW00014605,44.3206,-69.7972,1.0,3.0,10958.0,10958.0,21916.0
73,USW00014606,44.7978,-68.8186,1.0,2.0,,10958.0,
74,USW00014607,46.8706,-68.0172,1.0,3.0,10958.0,10958.0,21916.0
75,USW00014609,46.1236,-67.7928,1.0,3.0,10958.0,10958.0,21916.0
76,USW00014732,40.7794,-73.8803,1.0,3.0,10958.0,10958.0,21916.0
77,USW00014733,42.9486,-78.7369,1.0,3.0,10958.0,10958.0,21916.0
78,USW00014735,42.7431,-73.8092,1.0,3.0,10958.0,10958.0,21916.0
79,USW00014737,40.6508,-75.4492,1.0,3.0,10958.0,10958.0,21916.0
80,USW00014739,42.3606,-71.0106,1.0,3.0,10958.0,10958.0,21916.0
81,USW00014740,41.9381,-72.6825,1.0,3.0,10958.0,10958.0,21916.0
82,USW00014742,44.4683,-73.15,1.0,3.0,10958.0,10958.0,21916.0
83,USW00014745,43.1953,-71.5011,1.0,3.0,10958.0,10958.0,21916.0
84,USW00014750,43.35,-73.6167,1.0,3.0,10958.0,10958.0,21916.0
85,USW00014755,44.2667,-71.2994,1.0,3.0,10958.0,10958.0,21916.0
86,USW00014764,43.6497,-70.3003,1.0,3.0,10958.0,10958.0,21916.0
87,USW00014765,41.7219,-71.4325,1.0,3.0,10958.0,10958.0,21916.0
88,USW00014768,43.1167,-77.6767,1.0,3.0,10958.0,10958.0,21916.0
89,USW00014771,43.1111,-76.1039,1.0,3.0,10958.0,10958.0,21916.0
90,USW00014777,41.3336,-75.7269,1.0,3.0,10593.0,10958.0,21551.0
91,USW00014860,42.08,-80.1825,1.0,3.0,10958.0,10958.0,21916.0
92,USW00094705,44.2033,-72.5794,1.0,3.0,10958.0,9862.0,20820.0
93,USW00094725,44.9358,-74.8458,1.0,3.0,10958.0,10958.0,21916.0
94,USW00094728,40.7789,-73.9692,1.0,3.0,10958.0,10958.0,21916.0
95,USW00094746,42.2706,-71.8731,1.0,3.0,10958.0,10958.0,21916.0
96,USW00094790,43.9922,-76.0217,1.0,3.0,10958.0,10958.0,21916.0
97,USW00094794,43.145,-75.3839,1.0,1.0,10593.0,,
98,USW00094823,40.4847,-80.2144,1.0,3.0,10958.0,10958.0,21916.0
99,USC00093147,33.875,-85.0008,2.0,1.0,10958.0,,
100,USC00183675,38.9689,-76.8042,2.0,1.0,10958.0,,
101,USC00184780,39.4833,-77.7,2.0,,,,
102,USC00189030,39.45,-77.1833,2.0,1.0,10958.0,,
103,USC00189750,39.3333,-76.8667,2.0,1.0,9132.0,,
104,USC00283029,40.5739,-74.8817,2.0,3.0,9863.0,10592.0,20455.0
105,USC00286055,40.4728,-74.4225,2.0,2.0,,10958.0,
106,USC00287131,39.4167,-74.5167,2.0,,,,
107,USC00310286,35.7083,-79.8381,2.0,3.0,10593.0,9497.0,20090.0
108,USC00311479,35.2833,-81.8,2.0,,,,
109,USC00311695,35.2333,-80.85,2.0,,,,
110,USC00312500,35.3244,-78.6878,2.0,2.0,,10958.0,
111,USC00313555,36.0503,-79.3728,2.0,3.0,10592.0,10958.0,21550.0
112,USC00313784,34.8864,-79.6925,2.0,3.0,10227.0,10958.0,21185.0
113,USC00314063,35.9675,-79.9708,2.0,3.0,10958.0,9496.0,20454.0
114,USC00314464,35.1836,-79.6772,2.0,2.0,,10227.0,
115,USC00314996,35.4606,-81.3297,2.0,2.0,,10958.0,
116,USC00316853,35.8722,-76.6592,2.0,3.0,10958.0,10958.0,21916.0
117,USC00317079,35.7908,-78.6989,2.0,3.0,10593.0,9862.0,20455.0
118,USC00317197,36.35,-79.6333,2.0,,,,
119,USC00317202,36.3797,-79.6944,2.0,2.0,,10958.0,
120,USC00317499,36.2119,-78.8569,2.0,1.0,10958.0,,
121,USC00318292,35.81,-80.8808,2.0,3.0,10592.0,10958.0,21550.0
122,USC00318706,35.0628,-77.3547,2.0,,,,
123,USC00318744,35.2058,-82.2517,2.0,3.0,10958.0,10958.0,21916.0
124,USC00319357,34.4094,-78.7914,2.0,,,,
125,USC00319440,35.8528,-77.0306,2.0,3.0,10958.0,10592.0,21550.0
126,USC00319462,34.2333,-77.95,2.0,,,,
127,USC00319555,36.1308,-81.2275,2.0,2.0,,10958.0,
128,USC00361589,39.9667,-75.8333,2.0,1.0,10958.0,,
129,USC00363321,40.0961,-75.7514,2.0,2.0,,10592.0,
130,USC00363711,40.2667,-76.8833,2.0,,,,
131,USC00364047,40.0881,-75.9081,2.0,,,,
132,USC00365790,40.8847,-77.475,2.0,3.0,10958.0,9498.0,20456.0
133,USC00366289,39.7342,-76.5039,2.0,3.0,10958.0,10227.0,21185.0
134,USC00369823,40.0394,-78.5239,2.0,3.0,10227.0,10958.0,21185.0
135,USC00381770,34.6603,-82.8233,2.0,3.0,10593.0,10593.0,21186.0
136,USC00441955,37.2819,-78.9592,2.0,3.0,10227.0,9862.0,20089.0
137,USC00442208,38.4547,-78.9353,2.0,3.0,9862.0,10593.0,20455.0
138,USC00443375,37.6183,-79.4358,2.0,2.0,,10958.0,
139,USC00444148,37.1258,-79.525,2.0,3.0,10593.0,10593.0,21186.0
140,USC00445121,37.4167,-79.15,2.0,,,,
141,USC00445453,36.6667,-80.4481,2.0,3.0,9861.0,10593.0,20454.0
142,USC00446475,37.5844,-75.8217,2.0,2.0,,9862.0,
143,USC00446692,36.7764,-80.0272,2.0,,,,
144,USC00448192,36.7297,-76.6014,2.0,3.0,10958.0,10593.0,21551.0
145,USC00449025,37.5656,-76.8,2.0,2.0,,10227.0,
146,USC00449151,37.3017,-76.7039,2.0,3.0,10228.0,10958.0,21186.0
147,USC00464763,39.3833,-77.8833,2.0,1.0,10593.0,,
148,USW00003810,35.7425,-81.3819,2.0,3.0,10958.0,9863.0,20821.0
149,USW00003870,34.8831,-82.2203,2.0,2.0,,10958.0,
150,USW00013713,35.3444,-77.9647,2.0,1.0,10958.0,,
151,USW00013722,35.8922,-78.7819,2.0,3.0,10958.0,10958.0,21916.0
152,USW00013723,36.0969,-79.9433,2.0,3.0,10958.0,10958.0,21916.0
153,USW00013733,37.3208,-79.2067,2.0,3.0,10958.0,10958.0,21916.0
154,USW00013734,39.4019,-77.9844,2.0,3.0,10958.0,10958.0,21916.0
155,USW00013737,36.9033,-76.1922,2.0,3.0,10958.0,10958.0,21916.0
156,USW00013739,39.8683,-75.2311,2.0,3.0,10958.0,10958.0,21916.0
157,USW00013740,37.505,-77.3203,2.0,3.0,10958.0,10958.0,21916.0
158,USW00013748,34.2675,-77.8997,2.0,3.0,10958.0,10958.0,21916.0
159,USW00013754,34.9,-76.8833,2.0,3.0,10958.0,9132.0,20090.0
160,USW00013777,39.2833,-76.6167,2.0,1.0,10958.0,,
161,USW00013780,37.5333,-77.4167,2.0,,,,
162,USW00013781,39.6728,-75.6008,2.0,3.0,10958.0,10958.0,21916.0
163,USW00013873,33.9481,-83.3275,2.0,3.0,10958.0,10958.0,21916.0
164,USW00013874,33.63,-84.4417,2.0,3.0,10958.0,10958.0,21916.0
165,USW00013881,35.2236,-80.9553,2.0,3.0,10958.0,10958.0,21916.0
166,USW00013883,33.9486,-81.1186,2.0,3.0,10958.0,10958.0,21916.0
167,USW00014773,40.2269,-74.7464,2.0,1.0,10958.0,,
168,USW00093720,38.3406,-75.5103,2.0,3.0,10958.0,10958.0,21916.0
169,USW00093721,39.1667,-76.6833,2.0,3.0,10958.0,10958.0,21916.0
170,USW00093738,38.9408,-77.4636,2.0,2.0,,10958.0,
171,USW00093739,37.9406,-75.4631,2.0,2.0,,10958.0,
172,USW00093846,34.4978,-82.7097,2.0,3.0,10227.0,10958.0,21185.0
173,USC00011084,31.0583,-87.055,3.0,1.0,10592.0,,
174,USC00080236,27.1819,-81.3508,3.0,2.0,,10958.0,
175,USC00081641,28.4558,-81.7233,3.0,3.0,10958.0,9861.0,20819.0
176,USC00083207,27.4419,-80.3508,3.0,3.0,10593.0,10593.0,21186.0
177,USC00084394,30.5228,-82.9447,3.0,1.0,10227.0,,
178,USC00084731,30.1853,-82.5942,3.0,1.0,9862.0,,
179,USC00085076,28.8728,-81.7844,3.0,2.0,,10228.0,
180,USC00085973,27.9378,-81.5992,3.0,3.0,10593.0,10958.0,21551.0
181,USC00090140,31.5339,-84.1489,3.0,3.0,10958.0,9131.0,20089.0
182,USC00091266,32.3767,-81.6739,3.0,3.0,10958.0,9133.0,20091.0
183,USC00092716,31.65,-81.85,3.0,1.0,10958.0,,
184,USC00093695,33.2261,-82.595,3.0,,,,
185,USC00097087,32.0467,-84.3711,3.0,2.0,,9133.0,
186,USC00161287,30.9594,-92.1786,3.0,2.0,,10958.0,
187,USC00162800,30.85,-92.7833,3.0,1.0,10593.0,,
188,USC00166911,30.7531,-90.9939,3.0,1.0,10958.0,,
189,USC00166938,30.6036,-92.7739,3.0,2.0,,10227.0,
190,USC00168539,30.265,-89.7697,3.0,2.0,,10228.0,
191,USC00221174,31.5475,-88.5172,3.0,1.0,10958.0,,
192,USC00382757,34.0628,-79.7556,3.0,1.0,10958.0,,
193,USC00387281,32.5333,-80.9,3.0,1.0,9863.0,,
194,USC00411810,30.3636,-95.0839,3.0,,,,
195,USC00412769,28.95,-96.6833,3.0,,,,
196,USC00414313,29.8142,-95.7275,3.0,1.0,10958.0,,
197,USW00003820,33.3644,-81.9633,3.0,3.0,10958.0,10958.0,21916.0
198,USW00003822,32.13,-81.21,3.0,3.0,10958.0,10958.0,21916.0
199,USW00012815,28.4339,-81.325,3.0,2.0,,10958.0,
200,USW00012834,29.1828,-81.0483,3.0,3.0,10958.0,10958.0,21916.0
201,USW00012842,27.9619,-82.5403,3.0,3.0,10958.0,10958.0,21916.0
202,USW00012916,29.9933,-90.2511,3.0,3.0,10958.0,10958.0,21916.0
203,USW00012917,29.9506,-94.0206,3.0,3.0,10958.0,10958.0,21916.0
204,USW00012935,28.7247,-96.2536,3.0,3.0,10958.0,10958.0,21916.0
205,USW00012960,29.98,-95.36,3.0,2.0,,10958.0,
206,USW00013744,34.1853,-79.7239,3.0,3.0,10958.0,10958.0,21916.0
207,USW00013782,32.78,-79.9319,3.0,3.0,10958.0,10958.0,21916.0
208,USW00013870,31.5358,-82.5067,3.0,3.0,10958.0,10958.0,21916.0
209,USW00013878,31.1522,-81.3908,3.0,3.0,10958.0,10958.0,21916.0
210,USW00013880,32.8986,-80.0403,3.0,3.0,10958.0,10958.0,21916.0
211,USW00013889,30.4844,-81.7019,3.0,3.0,10958.0,10958.0,21916.0
212,USW00013894,30.6794,-88.2397,3.0,3.0,10958.0,10958.0,21916.0
213,USW00013899,30.4781,-87.1869,3.0,3.0,10592.0,10958.0,21550.0
214,USW00013970,30.5372,-91.1469,3.0,3.0,10958.0,10958.0,21916.0
215,USW00093805,30.3975,-84.3289,3.0,3.0,10958.0,10958.0,21916.0
216,USW00093837,30.2333,-81.6667,3.0,3.0,10958.0,9132.0,20090.0
217,USW00093852,30.3333,-81.65,3.0,,,,
218,USW00093919,31.1828,-90.4708,3.0,3.0,10958.0,10958.0,21916.0
219,USC00080611,26.6928,-80.6711,4.0,1.0,10958.0,,
220,USW00012839,25.7906,-80.3164,4.0,3.0,10958.0,10958.0,21916.0
221,USW00012844,26.6847,-80.0994,4.0,3.0,10958.0,10958.0,21916.0
222,USC00122096,40.8483,-84.93,5.0,3.0,10592.0,10592.0,21184.0
223,USC00129222,41.4439,-86.9294,5.0,2.0,,9498.0,
224,USC00200230,42.2981,-83.6639,5.0,3.0,9132.0,10958.0,20090.0
225,USC00200779,43.7072,-85.4819,5.0,3.0,10228.0,9496.0,19724.0
226,USC00200925,45.1672,-84.9139,5.0,2.0,,10958.0,
227,USC00203337,42.9667,-85.6667,5.0,,,,
228,USC00204104,46.4656,-90.1892,5.0,3.0,10228.0,10593.0,20821.0
229,USC00204257,44.7281,-85.1728,5.0,3.0,10228.0,10958.0,21186.0
230,USC00205803,43.4833,-85.6333,5.0,,,,
231,USC00205892,41.8406,-86.2658,5.0,3.0,10958.0,10958.0,21916.0
232,USC00207742,45.7019,-87.5256,5.0,,,,
233,USC00211630,46.7053,-92.5239,5.0,3.0,10958.0,9496.0,20454.0
234,USC00212881,45.3317,-92.8983,5.0,2.0,,10228.0,
235,USC00213303,47.2436,-93.4975,5.0,3.0,10958.0,9861.0,20819.0
236,USC00214106,47.2256,-95.1919,5.0,3.0,10958.0,9861.0,20819.0
237,USC00216547,46.6694,-94.1089,5.0,3.0,10958.0,9863.0,20821.0
238,USC00218543,47.5,-92.55,5.0,1.0,10227.0,,
239,USC00331458,41.5872,-81.1914,5.0,3.0,10958.0,10227.0,21185.0
240,USC00331541,41.0517,-81.9361,5.0,1.0,10593.0,,
241,USC00332044,40.4389,-82.3042,5.0,2.0,,10593.0,
242,USC00332251,41.6833,-80.6667,5.0,,,,
243,USC00332599,41.3814,-82.0558,5.0,1.0,10958.0,,
244,USC00333021,40.7231,-82.8,5.0,3.0,10227.0,10228.0,20455.0
245,USC00333874,41.2167,-83.7667,5.0,,,,
246,USC00335356,41.15,-80.7833,5.0,1.0,10593.0,,
247,USC00335505,41.2986,-80.7647,5.0,3.0,10593.0,9863.0,20456.0
248,USC00336118,41.2667,-82.6167,5.0,3.0,9495.0,10958.0,20453.0
249,USC00336389,41.7528,-81.2953,5.0,3.0,10593.0,9862.0,20455.0
250,USC00336405,40.9461,-83.9614,5.0,3.0,10958.0,9862.0,20820.0
251,USC00471139,45.95,-88.2167,5.0,1.0,10958.0,,
252,USC00471923,45.5331,-92.0225,5.0,3.0,10958.0,10226.0,21184.0
253,USC00472423,44.8167,-91.5,5.0,,,,
254,USC00472447,44.7722,-89.7675,5.0,3.0,10958.0,8766.0,19724.0
255,USC00473182,45.1489,-90.0667,5.0,1.0,10958.0,,
256,USC00475120,44.6411,-90.1333,5.0,3.0,10958.0,10958.0,21916.0
257,USC00475298,44.2,-88.4667,5.0,,,,
258,USC00475516,45.8864,-89.7322,5.0,3.0,10958.0,10593.0,21551.0
259,USC00475786,44.0261,-90.0814,5.0,,,,
260,USC00477121,44.9672,-89.8961,5.0,1.0,10228.0,,
261,USC00477174,45.2142,-91.8875,5.0,3.0,10227.0,9862.0,20089.0
262,USC00478267,44.88,-87.3358,5.0,3.0,10958.0,10958.0,21916.0
263,USC00478672,44.1431,-87.5678,5.0,3.0,10227.0,10958.0,21185.0
264,USW00014820,41.4131,-81.86,5.0,3.0,10958.0,10958.0,21916.0
265,USW00014825,41.0136,-83.6686,5.0,3.0,10958.0,10958.0,21916.0
266,USW00014826,42.9667,-83.7494,5.0,3.0,10958.0,10958.0,21916.0
267,USW00014827,40.9706,-85.2064,5.0,3.0,10958.0,10958.0,21916.0
268,USW00014833,42.2667,-84.4667,5.0,3.0,10958.0,10958.0,21916.0
269,USW00014836,42.7803,-84.5789,5.0,3.0,8767.0,10958.0,19725.0
270,USW00014840,43.1711,-86.2367,5.0,3.0,10958.0,10958.0,21916.0
271,USW00014841,45.5644,-84.7928,5.0,3.0,10958.0,10958.0,21916.0
272,USW00014847,46.4794,-84.3572,5.0,3.0,10958.0,10958.0,21916.0
273,USW00014850,44.7408,-85.5825,5.0,3.0,10958.0,9132.0,20090.0
274,USW00014852,41.2544,-80.6739,5.0,3.0,10958.0,10958.0,21916.0
275,USW00014891,40.8203,-82.5178,5.0,3.0,9497.0,10958.0,20455.0
276,USW00014895,40.9167,-81.4333,5.0,3.0,10958.0,10958.0,21916.0
277,USW00014898,44.4983,-88.1111,5.0,3.0,10958.0,10958.0,21916.0
278,USW00014913,46.8369,-92.2097,5.0,3.0,10958.0,10958.0,21916.0
279,USW00014991,44.8664,-91.4878,5.0,3.0,10958.0,10958.0,21916.0
280,USW00094814,44.3592,-84.6739,5.0,2.0,,10958.0,
281,USW00094830,41.5886,-83.8014,5.0,2.0,,10958.0,
282,USW00094849,45.0717,-83.5644,5.0,3.0,9498.0,10958.0,20456.0
283,USW00094850,46.5311,-87.5483,5.0,2.0,,10593.0,
284,USW00094860,42.8939,-85.5447,5.0,2.0,,10958.0,
285,USC00110072,41.1978,-90.7447,6.0,3.0,10958.0,10593.0,21551.0
286,USC00110766,40.5167,-89.0,6.0,,,,
287,USC00111420,41.3978,-88.2819,6.0,1.0,10958.0,,
288,USC00112145,40.1019,-87.5961,6.0,3.0,10958.0,9863.0,20821.0
289,USC00112193,39.8289,-88.9506,6.0,3.0,10958.0,9497.0,20455.0
290,USC00113257,42.3,-89.6167,6.0,,,,
291,USC00113262,42.2972,-89.6039,6.0,3.0,10958.0,10593.0,21551.0
292,USC00113290,41.8978,-90.1544,6.0,3.0,10958.0,10958.0,21916.0
293,USC00113930,40.3,-90.05,6.0,,,,
294,USC00114198,40.4664,-87.685,6.0,3.0,10958.0,10593.0,21551.0
295,USC00114442,39.7347,-90.1978,6.0,3.0,10958.0,10593.0,21551.0
296,USC00114593,41.0833,-87.9167,6.0,,,,
297,USC00114823,40.5839,-90.9686,6.0,3.0,10958.0,10958.0,21916.0
298,USC00115342,37.7747,-88.8981,6.0,1.0,10593.0,,
299,USC00115372,41.3286,-88.7533,6.0,3.0,10592.0,10593.0,21185.0
300,USC00115515,38.0844,-88.5425,6.0,1.0,10958.0,,
301,USC00115768,40.9442,-90.6381,6.0,3.0,10958.0,10228.0,21186.0
302,USC00115820,41.3542,-88.4286,6.0,1.0,10592.0,,
303,USC00115846,39.3833,-89.4,6.0,,,,
304,USC00115901,42.0981,-89.9842,6.0,3.0,9862.0,10227.0,20089.0
305,USC00115943,38.3483,-88.8533,6.0,3.0,9496.0,10226.0,19722.0
306,USC00116093,37.5833,-88.7667,6.0,,,,
307,USC00116910,40.8778,-88.6364,6.0,1.0,10593.0,,
308,USC00117067,39.95,-91.4,6.0,,,,
309,USC00117336,40.6667,-88.1833,6.0,,,,
310,USC00118293,42.3997,-89.9903,6.0,3.0,10228.0,10958.0,21186.0
311,USC00118452,41.9833,-88.6833,6.0,,,,
312,USC00118740,40.0839,-88.2403,6.0,3.0,10958.0,10958.0,21916.0
313,USC00118756,41.3242,-88.9858,6.0,1.0,10958.0,,
314,USC00119354,39.4458,-88.5961,6.0,3.0,9861.0,9131.0,18992.0
315,USC00120676,40.6683,-84.93,6.0,3.0,10958.0,9496.0,20454.0
316,USC00124715,40.2964,-86.9028,6.0,2.0,,10593.0,
317,USC00125435,39.6167,-85.3333,6.0,,,,
318,USC00126164,39.8942,-85.3953,6.0,3.0,10228.0,10593.0,20821.0
319,USC00127362,39.85,-84.85,6.0,,,,
320,USC00127522,39.7594,-87.2269,6.0,3.0,9863.0,9497.0,19360.0
321,USC00128290,39.2839,-86.7706,6.0,3.0,10227.0,10958.0,21185.0
322,USC00129430,40.475,-86.9919,6.0,3.0,10958.0,10958.0,21916.0
323,USC00129557,39.9961,-86.3542,6.0,3.0,10593.0,10958.0,21551.0
324,USC00130608,42.2611,-90.423,6.0,3.0,10958.0,10228.0,21186.0
325,USC00131257,42.2978,-91.0117,6.0,3.0,10958.0,9496.0,20454.0
326,USC00131277,42.0633,-95.8364,6.0,1.0,10958.0,,
327,USC00131319,42.0497,-91.5881,6.0,3.0,10227.0,10958.0,21185.0
328,USC00131442,42.7572,-95.5378,6.0,3.0,10227.0,10958.0,21185.0
329,USC00131533,40.7244,-95.0192,6.0,3.0,10228.0,10958.0,21186.0
330,USC00132573,42.3653,-93.0972,6.0,3.0,10593.0,10958.0,21551.0
331,USC00133909,42.4897,-95.5489,6.0,1.0,10593.0,,
332,USC00134101,41.6092,-91.505,6.0,3.0,10593.0,10958.0,21551.0
333,USC00134705,41.5747,-90.4006,6.0,3.0,10958.0,10228.0,21186.0
334,USC00134894,41.6381,-95.7883,6.0,3.0,10228.0,10593.0,20821.0
335,USC00137386,43.1792,-95.6603,6.0,3.0,10593.0,10958.0,21551.0
336,USC00138270,43.2353,-94.0417,6.0,1.0,10592.0,,
337,USC00138688,41.2825,-91.7078,6.0,3.0,10228.0,10228.0,20456.0
338,USC00140195,38.8664,-96.4892,6.0,3.0,10593.0,10227.0,20820.0
339,USC00140682,39.8186,-97.6378,6.0,3.0,10958.0,9131.0,20089.0
340,USC00140957,39.0636,-94.8961,6.0,3.0,9861.0,10958.0,20819.0
341,USC00141057,38.7711,-97.8564,6.0,3.0,10958.0,9497.0,20455.0
342,USC00143467,38.7833,-95.9667,6.0,1.0,10958.0,,
343,USC00143810,39.6678,-95.52,6.0,3.0,10958.0,10227.0,21185.0
344,USC00143954,37.2364,-95.7003,6.0,3.0,10958.0,10592.0,21550.0
345,USC00143974,38.1869,-97.8417,6.0,3.0,9862.0,10593.0,20455.0
346,USC00144712,39.0294,-98.13,6.0,3.0,10958.0,10593.0,21551.0
347,USC00144812,37.3833,-96.0814,6.0,3.0,9862.0,10593.0,20455.0
348,USC00144972,39.1972,-96.5814,6.0,3.0,10958.0,9862.0,20820.0
349,USC00145039,38.3778,-97.0753,6.0,2.0,,10592.0,
350,USC00145152,38.3772,-97.6097,6.0,3.0,10958.0,10593.0,21551.0
351,USC00146128,38.6133,-95.2808,6.0,3.0,10958.0,10227.0,21185.0
352,USC00147153,38.8167,-97.6,6.0,,,,
353,USC00148250,39.8283,-95.0881,6.0,3.0,10227.0,10592.0,20819.0
354,USC00210783,44.7667,-94.9,6.0,,,,
355,USC00213290,43.7047,-92.5644,6.0,3.0,10958.0,9861.0,20819.0
356,USC00214546,44.2394,-95.3153,6.0,2.0,,10592.0,
357,USC00215433,44.9833,-93.3,6.0,,,,
358,USC00215488,44.16,-91.8122,6.0,3.0,10593.0,10592.0,21185.0
359,USC00216287,44.0975,-93.2317,6.0,2.0,,10228.0,
360,USC00217907,44.2469,-94.9864,6.0,1.0,10593.0,,
361,USC00218450,44.9903,-93.18,6.0,2.0,,10593.0,
362,USC00218692,44.0708,-93.5264,6.0,3.0,10227.0,10226.0,20453.0
363,USC00219072,44.0875,-91.6703,6.0,3.0,10228.0,10958.0,21186.0
364,USC00219166,43.6167,-95.6,6.0,,,,
365,USC00230817,38.9708,-92.7603,6.0,1.0,9862.0,,
366,USC00233601,39.7231,-91.3747,6.0,3.0,10593.0,10958.0,21551.0
367,USC00235340,40.3458,-94.8342,6.0,3.0,8767.0,10227.0,18994.0
368,USC00237514,39.4247,-92.8106,6.0,3.0,10958.0,10958.0,21916.0
369,USC00250520,40.0489,-96.5747,6.0,1.0,10958.0,,
370,USC00252820,40.0739,-97.1669,6.0,3.0,10593.0,10228.0,20821.0
371,USC00254043,40.01,-97.4978,6.0,2.0,,10226.0,
372,USC00258410,40.2381,-96.0847,6.0,3.0,10958.0,10958.0,21916.0
373,USC00259200,41.845,-96.7142,6.0,3.0,10958.0,10593.0,21551.0
374,USC00331390,40.5689,-84.5369,6.0,2.0,,9861.0,
375,USC00333375,40.1033,-84.6503,6.0,3.0,10227.0,10227.0,20454.0
376,USC00391076,44.325,-96.7686,6.0,3.0,10958.0,10593.0,21551.0
377,USC00391579,43.0428,-96.9033,6.0,3.0,10227.0,10958.0,21185.0
378,USC00470175,45.3011,-92.3631,6.0,3.0,10958.0,10958.0,21916.0
379,USC00470892,42.8122,-89.8622,6.0,,,,
380,USC00471667,42.5492,-88.8756,6.0,3.0,10228.0,10227.0,20455.0
381,USC00472869,42.905,-88.8589,6.0,3.0,10228.0,10958.0,21186.0
382,USC00473058,43.2389,-88.1222,6.0,3.0,10958.0,10958.0,21916.0
383,USC00474174,42.5608,-87.8156,6.0,3.0,10958.0,9861.0,20819.0
384,USC00474375,43.8167,-91.25,6.0,,,,
385,USC00474966,43.0833,-89.4,6.0,,,,
386,USC00475474,43.0722,-88.0294,6.0,1.0,10958.0,,
387,USC00475573,42.5992,-89.6669,6.0,3.0,10958.0,10227.0,21185.0
388,USC00476718,43.5306,-89.4369,6.0,3.0,10958.0,10958.0,21916.0
389,USC00478723,42.6903,-88.0336,6.0,3.0,10593.0,10958.0,21551.0
390,USC00479190,42.8508,-88.7247,6.0,3.0,10958.0,10226.0,21184.0
391,USW00003816,37.0683,-88.7719,6.0,3.0,10958.0,10958.0,21916.0
392,USW00003919,38.8,-97.65,6.0,2.0,,9497.0,
393,USW00003928,37.6544,-97.4425,6.0,2.0,,10958.0,
394,USW00013802,38.52,-89.8467,6.0,3.0,9863.0,10592.0,20455.0
395,USW00013982,39.8,-93.55,6.0,,,,
396,USW00013994,38.7525,-90.3736,6.0,3.0,10958.0,10958.0,21916.0
397,USW00013996,39.0725,-95.6261,6.0,3.0,10958.0,10958.0,21916.0
398,USW00014837,43.1406,-89.3453,6.0,3.0,10958.0,10958.0,21916.0
399,USW00014839,42.955,-87.9044,6.0,3.0,10958.0,10958.0,21916.0
400,USW00014842,40.6675,-89.6839,6.0,3.0,10958.0,10958.0,21916.0
401,USW00014920,43.8789,-91.2528,6.0,3.0,10958.0,10958.0,21916.0
402,USW00014922,44.8831,-93.2289,6.0,3.0,10958.0,10958.0,21916.0
403,USW00014923,41.4653,-90.5233,6.0,3.0,10958.0,10958.0,21916.0
404,USW00014933,41.5339,-93.6531,6.0,3.0,10958.0,10958.0,21916.0
405,USW00014940,43.1544,-93.3269,6.0,3.0,10958.0,10958.0,21916.0
406,USW00014942,41.3103,-95.8992,6.0,3.0,10958.0,10593.0,21551.0
407,USW00014944,43.5878,-96.7289,6.0,3.0,10958.0,10958.0,21916.0
408,USW00014950,41.1078,-92.4467,6.0,3.0,10958.0,10227.0,21185.0
409,USW00014990,41.8833,-91.7167,6.0,2.0,,10958.0,
410,USW00093819,39.7075,-86.2803,6.0,3.0,10958.0,10958.0,21916.0
411,USW00093822,39.8447,-89.6839,6.0,3.0,10958.0,10958.0,21916.0
412,USW00093958,38.95,-92.3333,6.0,,,,
413,USW00093963,38.6289,-90.1797,6.0,,,,
414,USW00093989,39.9369,-91.1919,6.0,3.0,10958.0,10958.0,21916.0
415,USW00094822,42.1928,-89.0931,6.0,3.0,10958.0,10958.0,21916.0
416,USW00094908,42.3978,-90.7036,6.0,3.0,10593.0,10958.0,21551.0
417,USW00094910,42.5544,-92.4011,6.0,3.0,10958.0,10958.0,21916.0
418,USC00112931,38.3806,-88.3264,7.0,3.0,10227.0,10228.0,20455.0
419,USC00121747,39.1661,-85.9228,7.0,3.0,10958.0,10593.0,21551.0
420,USC00122549,38.8,-87.2333,7.0,1.0,10958.0,,
421,USC00122733,37.9667,-87.5833,7.0,,,,
422,USC00125381,38.7833,-84.9667,7.0,,,,
423,USC00125873,39.1167,-85.1,7.0,,,,
424,USC00126151,37.9325,-87.3744,7.0,3.0,10958.0,10958.0,21916.0
425,USC00127875,38.6886,-85.785,7.0,1.0,10958.0,,
426,USC00129605,38.7669,-86.6847,7.0,3.0,10227.0,10227.0,20454.0
427,USC00150422,36.8978,-86.1247,7.0,2.0,,10227.0,
428,USC00150450,36.8583,-83.3303,7.0,1.0,10227.0,,
429,USC00152040,37.6528,-84.7708,7.0,1.0,10958.0,,
430,USC00152961,37.4667,-88.1,7.0,,,,
431,USC00153203,38.4169,-84.8819,7.0,1.0,10958.0,,
432,USC00153714,37.2472,-83.1817,7.0,3.0,10228.0,10593.0,20821.0
433,USC00154369,37.9397,-84.6597,7.0,1.0,10958.0,,
434,USC00155067,37.3475,-87.5239,7.0,3.0,10958.0,9862.0,20820.0
435,USC00155524,36.8667,-84.8275,7.0,1.0,10958.0,,
436,USC00155648,37.3542,-84.3369,7.0,,,,
437,USC00157091,37.7,-85.9833,7.0,,,,
438,USC00157215,36.7461,-86.2258,7.0,3.0,10958.0,10227.0,21185.0
439,USC00158824,37.1853,-86.6336,7.0,1.0,10593.0,,
440,USC00310294,35.6092,-82.6119,7.0,,,,
441,USC00311441,35.5167,-82.85,7.0,1.0,10958.0,,
442,USC00312102,35.0603,-83.43,7.0,3.0,10958.0,10227.0,21185.0
443,USC00312200,35.3117,-83.1747,7.0,3.0,10958.0,10958.0,21916.0
444,USC00316805,35.2719,-82.6475,7.0,3.0,10593.0,10228.0,20821.0
445,USC00317363,35.0,-83.1,7.0,,,,
446,USC00318694,36.4003,-81.3053,7.0,3.0,10592.0,10592.0,21184.0
447,USC00319123,35.7744,-83.0997,7.0,3.0,10593.0,10958.0,21551.0
448,USC00331858,40.2211,-82.0667,7.0,1.0,10593.0,,
449,USC00331905,40.3708,-81.7908,7.0,,,,
450,USC00332119,40.3175,-83.0739,7.0,1.0,10958.0,,
451,USC00333758,39.2333,-83.6092,7.0,3.0,10958.0,9131.0,20089.0
452,USC00333971,38.5333,-82.6833,7.0,1.0,9863.0,,
453,USC00333987,40.1167,-83.4833,7.0,1.0,10958.0,,
454,USC00334363,40.5167,-83.8833,7.0,1.0,10958.0,,
455,USC00334979,40.1939,-83.2675,7.0,3.0,10593.0,10227.0,20820.0
456,USC00335747,40.0875,-82.4128,7.0,3.0,10958.0,10228.0,21186.0
457,USC00335857,39.7331,-82.2156,7.0,3.0,10958.0,9863.0,20821.0
458,USC00336590,39.8667,-81.9,7.0,,,,
459,USC00337538,39.7339,-83.4775,7.0,1.0,10592.0,,
460,USC00337693,40.2706,-84.1508,7.0,3.0,9863.0,10593.0,20456.0
461,USC00338951,40.1267,-82.9442,7.0,2.0,,10958.0,
462,USC00339219,39.4911,-83.82,7.0,1.0,10593.0,,
463,USC00400081,36.3806,-84.8744,7.0,3.0,10958.0,10593.0,21551.0
464,USC00400284,35.4322,-84.5833,7.0,2.0,,10593.0,
465,USC00400669,36.4583,-86.3239,7.0,2.0,,10592.0,
466,USC00401808,35.2192,-84.7917,7.0,2.0,,10958.0,
467,USC00402202,36.0147,-85.1314,7.0,3.0,10958.0,10592.0,21550.0
468,USC00402360,35.4722,-84.9958,7.0,2.0,,9863.0,
469,USC00406162,35.2242,-85.8414,7.0,3.0,9496.0,10593.0,20089.0
470,USC00406493,36.5517,-84.1728,7.0,3.0,9863.0,10958.0,20821.0
471,USC00408562,36.4711,-86.8414,7.0,3.0,10593.0,10958.0,21551.0
472,USC00408868,36.465,-83.5603,7.0,2.0,,10958.0,
473,USC00409866,35.8375,-86.0894,7.0,2.0,,10593.0,
474,USC00440766,37.2039,-80.4144,7.0,2.0,,9863.0,
475,USC00444676,37.2392,-80.1994,7.0,1.0,9863.0,,
476,USC00460939,37.6414,-80.8833,7.0,3.0,10592.0,10958.0,21550.0
477,USC00463353,37.3667,-81.55,7.0,1.0,10592.0,,
478,USW00003804,39.345,-81.4392,7.0,3.0,10958.0,9132.0,20090.0
479,USW00003841,36.0028,-84.2486,7.0,3.0,10958.0,10228.0,21186.0
480,USW00003847,35.9508,-85.0814,7.0,2.0,,10958.0,
481,USW00003849,37.0872,-84.0769,7.0,2.0,,9497.0,
482,USW00003859,37.2958,-81.2078,7.0,2.0,,10958.0,
483,USW00003860,38.365,-82.555,7.0,2.0,,10958.0,
484,USW00013741,37.3169,-79.9742,7.0,3.0,10958.0,10958.0,21916.0
485,USW00013866,38.3794,-81.59,7.0,3.0,10958.0,10958.0,21916.0
486,USW00013867,39.2811,-81.5572,7.0,3.0,10958.0,10958.0,21916.0
487,USW00013877,36.4731,-82.4044,7.0,3.0,10958.0,10958.0,21916.0
488,USW00013891,35.8181,-83.9858,7.0,3.0,10958.0,10958.0,21916.0
489,USW00014821,39.9914,-82.8808,7.0,3.0,10958.0,10958.0,21916.0
490,USW00093814,39.0431,-84.6717,7.0,3.0,10958.0,10958.0,21916.0
491,USW00093815,39.9061,-84.2186,7.0,3.0,10958.0,10958.0,21916.0
492,USW00093817,38.0442,-87.5206,7.0,3.0,10958.0,10958.0,21916.0
493,USW00093820,38.0408,-84.6058,7.0,3.0,10958.0,10958.0,21916.0
494,USW00093821,38.1811,-85.7392,7.0,3.0,10958.0,10958.0,21916.0
495,USW00093824,39.9444,-81.8922,7.0,3.0,10958.0,10593.0,21551.0
496,USW00093890,39.15,-84.5167,7.0,1.0,10958.0,,
497,USC00010505,33.4528,-87.3572,8.0,2.0,,10592.0,
498,USC00010655,34.6892,-86.8819,8.0,3.0,10958.0,10593.0,21551.0
499,USC00013430,33.6667,-87.1833,8.0,1.0,10958.0,,
500,USC00013645,34.0967,-87.9914,8.0,2.0,,10226.0,
501,USC00014306,32.6189,-86.2544,8.0,1.0,10592.0,,
502,USC00015121,32.4714,-87.2314,8.0,3.0,10958.0,9862.0,20820.0
503,USC00015465,32.8044,-86.4464,8.0,1.0,10228.0,,
504,USC00015555,32.3833,-86.3,8.0,,,,
505,USC00015635,34.4883,-87.2989,8.0,2.0,,10228.0,
506,USC00016478,33.6906,-86.685,8.0,1.0,10593.0,,
507,USC00017207,34.2878,-85.9681,8.0,3.0,10592.0,10227.0,20819.0
508,USC00030006,35.0236,-94.1594,8.0,3.0,10593.0,9862.0,20455.0
509,USC00030130,34.7961,-92.8417,8.0,3.0,10958.0,10958.0,21916.0
510,USC00030458,35.8306,-91.7944,8.0,3.0,10958.0,10958.0,21916.0
511,USC00031132,36.1092,-92.1636,8.0,3.0,10593.0,10958.0,21551.0
512,USC00031962,33.5597,-91.385,8.0,,,,
513,USC00032148,33.8886,-91.5317,8.0,1.0,10228.0,,
514,USC00032794,35.9886,-92.7161,8.0,3.0,10958.0,10958.0,21916.0
515,USC00033600,36.0056,-93.1878,8.0,3.0,10226.0,9863.0,20089.0
516,USC00033862,34.6033,-91.9928,8.0,3.0,10593.0,10593.0,21186.0
517,USC00034251,34.75,-92.2833,8.0,,,,
518,USC00035354,35.7803,-94.4161,8.0,1.0,10958.0,,
519,USC00036253,33.8103,-91.2778,8.0,2.0,,10227.0,
520,USC00092429,34.4397,-85.1033,8.0,1.0,9863.0,,
521,USC00095979,32.3175,-84.065,8.0,3.0,10958.0,9863.0,20821.0
522,USC00110187,37.4814,-89.2344,8.0,1.0,10958.0,,
523,USC00143984,37.9233,-95.4242,8.0,3.0,10228.0,10958.0,21186.0
524,USC00143989,37.9167,-95.4,8.0,,,,
525,USC00144421,38.3261,-94.6956,8.0,1.0,10593.0,,
526,USC00145528,38.1433,-94.8233,8.0,1.0,10958.0,,
527,USC00145536,37.1872,-95.4508,8.0,3.0,10593.0,10958.0,21551.0
528,USC00146242,37.3678,-95.2881,8.0,3.0,10958.0,10958.0,21916.0
529,USC00146455,38.1833,-94.7,8.0,,,,
530,USC00157800,36.8861,-85.7067,8.0,1.0,10958.0,,
531,USC00160098,31.3206,-92.4611,8.0,3.0,10593.0,10958.0,21551.0
532,USC00221152,33.9917,-89.3736,8.0,1.0,10958.0,,
533,USC00223107,32.36,-89.4208,8.0,1.0,10227.0,,
534,USC00224377,34.6989,-89.8214,8.0,,,,
535,USC00225943,31.8375,-89.5975,8.0,1.0,10958.0,,
536,USC00226493,32.7639,-89.6986,8.0,1.0,10228.0,,
537,USC00226894,32.7692,-89.1303,8.0,1.0,10958.0,,
538,USC00227886,33.6,-91.0833,8.0,,,,
539,USC00229860,32.9028,-90.3817,8.0,,,,
540,USC00230595,36.6717,-89.9717,8.0,1.0,10958.0,,
541,USC00230735,36.8908,-89.9311,8.0,1.0,10593.0,,
542,USC00232289,36.6206,-90.8125,8.0,1.0,10593.0,,
543,USC00234694,38.2042,-92.6233,8.0,3.0,10958.0,10226.0,21184.0
544,USC00234705,37.5983,-94.2842,8.0,3.0,10592.0,9496.0,20088.0
545,USC00235027,37.3908,-93.9492,8.0,3.0,9863.0,10958.0,20821.0
546,USC00235834,37.1542,-92.2619,8.0,3.0,9862.0,9862.0,19724.0
547,USC00236678,36.9494,-94.0078,8.0,1.0,10593.0,,
548,USC00237263,37.9567,-91.7761,8.0,3.0,8400.0,10958.0,19358.0
549,USC00340017,34.7864,-96.685,8.0,1.0,10593.0,,
550,USC00341711,35.4722,-95.5219,8.0,1.0,10593.0,,
551,USC00345693,35.1447,-94.9669,8.0,1.0,10958.0,,
552,USC00347246,35.05,-94.6333,8.0,1.0,10958.0,,
553,USC00349571,35.2614,-96.2081,8.0,1.0,10958.0,,
554,USC00404417,36.0028,-88.4253,8.0,2.0,,10593.0,
555,USC00407459,35.1842,-87.0422,8.0,2.0,,10227.0,
556,USC00416119,33.1964,-95.2236,8.0,2.0,,10593.0,
557,USC00418942,33.4367,-94.0772,8.0,2.0,,10958.0,
558,USW00003811,35.5931,-88.9167,8.0,3.0,10958.0,10228.0,21186.0
559,USW00003856,34.6439,-86.7861,8.0,2.0,,10958.0,
560,USW00003935,37.2253,-89.5706,8.0,2.0,,10228.0,
561,USW00013865,32.3347,-88.7442,8.0,3.0,10958.0,10958.0,21916.0
562,USW00013876,33.5656,-86.745,8.0,3.0,10958.0,10958.0,21916.0
563,USW00013882,35.0311,-85.2014,8.0,3.0,10958.0,10958.0,21916.0
564,USW00013893,35.0564,-89.9864,8.0,3.0,10958.0,10958.0,21916.0
565,USW00013895,32.2997,-86.4075,8.0,3.0,10958.0,10958.0,21916.0
566,USW00013896,34.7442,-87.5997,8.0,3.0,10958.0,9497.0,20455.0
567,USW00013897,36.1189,-86.6892,8.0,3.0,10958.0,10958.0,21916.0
568,USW00013957,32.4506,-93.8411,8.0,3.0,10958.0,10958.0,21916.0
569,USW00013963,34.7272,-92.2389,8.0,3.0,10958.0,10958.0,21916.0
570,USW00013964,35.3331,-94.3625,8.0,3.0,10958.0,10958.0,21916.0
571,USW00013968,36.1994,-95.8872,8.0,3.0,10958.0,10958.0,21916.0
572,USW00013978,33.4964,-90.0867,8.0,3.0,10958.0,9863.0,20821.0
573,USW00013987,37.1467,-94.5022,8.0,3.0,10958.0,10593.0,21551.0
574,USW00013995,37.2353,-93.4003,8.0,3.0,10958.0,10958.0,21916.0
575,USW00093806,33.2119,-87.6161,8.0,3.0,10958.0,9132.0,20090.0
576,USW00093825,37.0956,-89.9161,8.0,1.0,10593.0,,
577,USW00093842,32.5161,-84.9422,8.0,3.0,10958.0,10958.0,21916.0
578,USW00093862,34.2622,-88.7714,8.0,2.0,,10958.0,
579,USC00210287,45.3856,-96.1258,9.0,3.0,9861.0,10228.0,20089.0
580,USC00210667,45.3167,-95.6167,9.0,2.0,,10593.0,
581,USC00211891,47.8186,-96.6139,9.0,3.0,10228.0,8035.0,18263.0
582,USC00215400,45.1219,-95.9269,9.0,3.0,10958.0,10958.0,21916.0
583,USC00215638,45.59,-95.8744,9.0,3.0,10227.0,10958.0,21185.0
584,USC00241084,45.8161,-106.2328,9.0,2.0,,10958.0,
585,USC00241088,48.5156,-105.2992,9.0,3.0,10592.0,10593.0,21185.0
586,USC00241938,45.6444,-109.2675,9.0,3.0,10228.0,10958.0,21186.0
587,USC00243013,46.8217,-108.3725,9.0,3.0,10958.0,9131.0,20089.0
588,USC00243089,48.7778,-107.4536,9.0,1.0,10958.0,,
589,USC00243110,48.4983,-109.8014,9.0,3.0,10226.0,9131.0,19357.0
590,USC00243346,48.2922,-111.5683,9.0,3.0,10958.0,9862.0,20820.0
591,USC00244345,45.9228,-108.2453,9.0,3.0,10592.0,9131.0,19723.0
592,USC00244506,45.4733,-109.0106,9.0,3.0,10593.0,9863.0,20456.0
593,USC00245303,46.1422,-104.7353,9.0,3.0,10958.0,10228.0,21186.0
594,USC00245337,48.35,-107.8667,9.0,,,,
595,USC00245603,46.1047,-110.05,9.0,2.0,,10592.0,
596,USC00246862,45.9717,-109.2536,9.0,3.0,10228.0,9862.0,20090.0
597,USC00247228,47.4869,-108.8372,9.0,1.0,10958.0,,
598,USC00247382,47.4536,-104.3378,9.0,3.0,10592.0,10227.0,20819.0
599,USC00248501,48.3119,-112.2492,9.0,1.0,10958.0,,
600,USC00252595,41.9872,-98.0747,9.0,3.0,10593.0,10593.0,21186.0
601,USC00254655,42.4264,-97.0911,9.0,1.0,10958.0,,
602,USC00256135,42.0644,-97.9667,9.0,3.0,10593.0,10958.0,21551.0
603,USC00321871,48.9144,-103.2978,9.0,3.0,10958.0,8767.0,19725.0
604,USC00323064,46.0347,-98.9436,9.0,1.0,10227.0,,
605,USC00323287,46.1583,-98.3989,9.0,3.0,10958.0,10592.0,21550.0
606,USC00323309,46.6275,-99.1383,9.0,1.0,10958.0,,
607,USC00325230,46.6611,-98.2267,9.0,3.0,10593.0,10227.0,20820.0
608,USC00325993,48.1803,-101.2964,9.0,3.0,10958.0,9862.0,20820.0
609,USC00326105,46.7006,-98.5839,9.0,3.0,10593.0,10593.0,21186.0
610,USC00326255,46.5067,-99.7692,9.0,3.0,9132.0,10593.0,19725.0
611,USC00327311,46.1758,-101.8561,9.0,3.0,10228.0,10958.0,21186.0
612,USC00328065,46.2331,-101.1292,9.0,3.0,9863.0,10958.0,20821.0
613,USC00328850,47.1333,-100.0,9.0,1.0,10958.0,,
614,USC00328913,48.6147,-100.7264,9.0,3.0,10593.0,10958.0,21551.0
615,USC00329430,48.1375,-103.7372,9.0,2.0,,9862.0,
616,USC00390043,43.4894,-99.0628,9.0,3.0,10228.0,10228.0,20456.0
617,USC00392429,45.0469,-101.6022,9.0,3.0,10593.0,8766.0,19359.0
618,USC00392927,45.0364,-99.1342,9.0,3.0,10228.0,10593.0,20821.0
619,USC00393029,44.0683,-98.0833,9.0,3.0,10958.0,9497.0,20455.0
620,USC00395638,43.1122,-100.6111,9.0,3.0,10227.0,10958.0,21185.0
621,USC00395671,43.7381,-98.0244,9.0,1.0,10227.0,,
622,USC00395870,43.8769,-103.4578,9.0,2.0,,9862.0,
623,USC00396054,44.7136,-103.4258,9.0,3.0,10958.0,10227.0,21185.0
624,USC00396669,43.3892,-98.8411,9.0,3.0,9862.0,10592.0,20454.0
625,USC00397062,45.3767,-103.3675,9.0,1.0,10593.0,,
626,USC00398116,45.3036,-97.0625,9.0,2.0,,10958.0,
627,USC00399337,45.4078,-96.8619,9.0,3.0,10593.0,10958.0,21551.0
628,USC00481840,44.5022,-109.1111,9.0,3.0,9862.0,10593.0,20455.0
629,USC00487555,43.245,-104.2881,9.0,3.0,10228.0,9862.0,20090.0
630,USC00489207,43.9269,-104.7456,9.0,1.0,10958.0,,
631,USW00014916,47.9428,-97.1839,9.0,3.0,10958.0,10228.0,21186.0
632,USW00014919,46.9258,-98.6692,9.0,3.0,10958.0,10593.0,21551.0
633,USW00014936,44.3981,-98.2231,9.0,3.0,10958.0,10958.0,21916.0
634,USW00014941,41.9856,-97.4353,9.0,3.0,10958.0,10958.0,21916.0
635,USW00014943,42.3914,-96.3792,9.0,3.0,10958.0,10958.0,21916.0
636,USW00024013,48.2553,-101.2733,9.0,3.0,10958.0,10228.0,21186.0
637,USW00024029,44.7694,-106.9689,9.0,3.0,10958.0,10958.0,21916.0
638,USW00024032,42.8783,-100.55,9.0,3.0,10958.0,10593.0,21551.0
639,USW00024037,46.4267,-105.8825,9.0,3.0,10958.0,10958.0,21916.0
640,USW00024062,43.9658,-107.9508,9.0,2.0,,10958.0,
641,USW00024090,44.0433,-103.0536,9.0,3.0,10958.0,10958.0,21916.0
642,USW00024137,48.6033,-112.3753,9.0,3.0,10958.0,10958.0,21916.0
643,USW00094008,48.2138,-106.6213,9.0,3.0,10958.0,10958.0,21916.0
644,USW00094012,48.5428,-109.7633,9.0,2.0,,10958.0,
645,USW00094014,48.1739,-103.6367,9.0,1.0,10958.0,,
646,USW00094911,42.8783,-97.3633,9.0,3.0,9862.0,10227.0,20089.0
647,USC00053005,40.5764,-105.0858,10.0,3.0,9863.0,10592.0,20455.0
648,USC00053553,40.4022,-104.6992,10.0,2.0,,10593.0,
649,USC00054444,38.7411,-103.5428,10.0,3.0,9497.0,10958.0,20455.0
650,USC00054762,39.7489,-105.1206,10.0,2.0,,9497.0,
651,USC00054945,40.5147,-102.9906,10.0,3.0,10227.0,10593.0,20820.0
652,USC00140365,37.1942,-99.7633,10.0,3.0,10592.0,10958.0,21550.0
653,USC00140532,39.19,-98.0417,10.0,3.0,10958.0,9497.0,20455.0
654,USC00141696,39.4,-101.05,10.0,,,,
655,USC00141999,39.3214,-99.5886,10.0,,,,
656,USC00143554,38.6003,-100.6197,10.0,3.0,10958.0,10958.0,21916.0
657,USC00143847,38.1042,-98.6592,10.0,3.0,10958.0,10593.0,21551.0
658,USC00143930,37.9311,-98.0297,10.0,2.0,,10958.0,
659,USC00144530,38.1817,-99.0994,10.0,1.0,10958.0,,
660,USC00144775,39.6658,-99.5772,10.0,3.0,9498.0,10593.0,20091.0
661,USC00144807,39.9694,-99.5339,10.0,1.0,10958.0,,
662,USC00145127,39.7844,-101.3686,10.0,,,,
663,USC00145355,39.2767,-100.8397,10.0,3.0,10958.0,10592.0,21550.0
664,USC00146813,37.2294,-101.9511,10.0,3.0,10593.0,10227.0,20820.0
665,USC00147093,39.7675,-101.8067,10.0,3.0,10958.0,9496.0,20454.0
666,USC00147095,39.8306,-101.9189,10.0,1.0,10227.0,,
667,USC00250961,40.3058,-98.5047,10.0,,,,
668,USC00251145,41.6681,-103.1039,10.0,3.0,10593.0,9132.0,19725.0
669,USC00252065,40.2317,-100.8303,10.0,3.0,10228.0,10958.0,21186.0
670,USC00252790,40.6864,-100.0536,10.0,3.0,10227.0,10958.0,21185.0
671,USC00253365,40.9394,-100.1514,10.0,3.0,10958.0,10592.0,21550.0
672,USC00254455,41.2097,-101.6706,10.0,3.0,10958.0,10228.0,21186.0
673,USC00255780,40.0783,-99.1386,10.0,3.0,10958.0,10958.0,21916.0
674,USC00256385,41.4014,-102.3464,10.0,3.0,10593.0,10228.0,20821.0
675,USC00292030,35.4072,-104.1906,10.0,3.0,10958.0,9132.0,20090.0
676,USC00410958,35.6689,-101.4022,10.0,1.0,10958.0,,
677,USC00411128,33.1908,-102.2681,10.0,2.0,,10958.0,
678,USC00412121,33.6517,-101.245,10.0,3.0,10958.0,10958.0,21916.0
679,USC00412464,34.5858,-102.312,10.0,2.0,,10593.0,
680,USC00416776,35.5544,-100.9736,10.0,2.0,,10958.0,
681,USC00417079,34.1892,-101.7022,10.0,3.0,10958.0,10958.0,21916.0
682,USC00418523,36.1981,-101.1847,10.0,1.0,10593.0,,
683,USC00419175,34.5475,-101.7614,10.0,3.0,10958.0,10593.0,21551.0
684,USW00014935,40.9611,-98.3136,10.0,3.0,10958.0,10958.0,21916.0
685,USW00023042,33.6542,-101.8136,10.0,3.0,10958.0,10958.0,21916.0
686,USW00023047,35.2333,-101.7089,10.0,3.0,10958.0,10958.0,21916.0
687,USW00023067,38.0494,-103.5122,10.0,3.0,10958.0,9497.0,20455.0
688,USW00024015,40.1667,-103.2167,10.0,3.0,10958.0,9862.0,20820.0
689,USW00024018,41.1519,-104.8061,10.0,3.0,10958.0,10958.0,21916.0
690,USW00024023,41.1214,-100.6694,10.0,3.0,10958.0,10958.0,21916.0
691,USW00093002,39.75,-104.9833,10.0,,,,
692,USW00093042,36.0167,-102.55,10.0,3.0,10958.0,10958.0,21916.0
693,USW00093997,38.8761,-98.8092,10.0,3.0,10958.0,9497.0,20455.0
694,USC00148964,37.2886,-96.9408,11.0,3.0,10958.0,8766.0,19724.0
695,USC00340292,34.1772,-97.1617,11.0,3.0,10593.0,10227.0,20820.0
696,USC00341909,35.5014,-98.9772,11.0,1.0,10958.0,,
697,USC00344573,36.6856,-97.7486,11.0,3.0,10958.0,8401.0,19359.0
698,USC00344861,35.8583,-97.9294,11.0,3.0,10228.0,10593.0,20821.0
699,USC00345581,34.6367,-97.9786,11.0,3.0,10958.0,10958.0,21916.0
700,USC00346638,35.4253,-96.3033,11.0,1.0,10593.0,,
701,USC00347952,35.3061,-99.6275,11.0,1.0,10958.0,,
702,USC00348110,35.3553,-96.9203,11.0,3.0,10958.0,10958.0,21916.0
703,USC00349391,36.2833,-97.9,11.0,,,,
704,USC00349404,36.5758,-98.8797,11.0,3.0,10592.0,9862.0,20454.0
705,USC00410394,33.1525,-100.2333,11.0,3.0,10958.0,10958.0,21916.0
706,USC00410691,32.6475,-97.4439,11.0,3.0,10958.0,9497.0,20455.0
707,USC00411048,30.1592,-96.3972,11.0,3.0,10958.0,10227.0,21185.0
708,USC00411596,31.2581,-95.9744,11.0,3.0,10958.0,10593.0,21551.0
709,USC00411823,31.8,-97.4333,11.0,,,,
710,USC00412096,32.5286,-97.6189,11.0,3.0,9863.0,10228.0,20091.0
711,USC00412160,28.6794,-99.8311,11.0,1.0,10958.0,,
712,USC00412394,33.8167,-96.5667,11.0,1.0,10958.0,,
713,USC00412404,33.1992,-97.105,11.0,3.0,10227.0,10593.0,20820.0
714,USC00412458,28.6806,-99.1833,11.0,1.0,10958.0,,
715,USC00412820,30.3642,-97.37,11.0,2.0,,9862.0,
716,USC00413183,29.6339,-97.0644,11.0,1.0,10228.0,,
717,USC00413370,33.1925,-96.7931,11.0,2.0,,10958.0,
718,USC00413525,30.1872,-96.8594,11.0,3.0,10593.0,9861.0,20454.0
719,USC00413618,28.6617,-97.385,11.0,1.0,10958.0,,
720,USC00414081,32.1808,-94.7964,11.0,3.0,10958.0,9132.0,20090.0
721,USC00415429,29.6756,-97.6578,11.0,3.0,10593.0,10226.0,20819.0
722,USC00415661,28.0372,-97.8725,11.0,2.0,,10593.0,
723,USC00416146,33.4539,-99.6158,11.0,1.0,10958.0,,
724,USC00416176,31.6,-94.65,11.0,,,,
725,USC00417206,33.1986,-101.3744,11.0,3.0,10592.0,9131.0,19723.0
726,USC00417327,32.3664,-99.1925,11.0,3.0,10958.0,10958.0,21916.0
727,USC00417841,31.8092,-95.1428,11.0,3.0,10593.0,10593.0,21186.0
728,USC00418235,35.2,-100.25,11.0,1.0,10593.0,,
729,USC00418544,29.8653,-98.3797,11.0,,,,
730,USC00418861,30.57,-97.4092,11.0,1.0,10958.0,,
731,USC00418863,30.9731,-98.9433,11.0,2.0,,10593.0,
732,USC00419009,28.4667,-98.1833,11.0,1.0,9497.0,,
733,USC00419153,31.2061,-97.2956,11.0,1.0,10958.0,,
734,USC00419532,32.7483,-97.77,11.0,3.0,10593.0,10227.0,20820.0
735,USW00003904,30.5892,-96.3647,11.0,3.0,10593.0,10228.0,20821.0
736,USW00003927,32.8978,-97.0189,11.0,3.0,10958.0,10958.0,21916.0
737,USW00012921,29.5442,-98.4839,11.0,3.0,10958.0,10958.0,21916.0
738,USW00012924,27.7839,-97.5108,11.0,3.0,10958.0,10958.0,21916.0
739,USW00012959,26.1839,-98.2539,11.0,2.0,,9862.0,
740,USW00013958,30.3208,-97.7603,11.0,3.0,10958.0,10958.0,21916.0
741,USW00013959,31.6189,-97.2283,11.0,3.0,10958.0,10958.0,21916.0
742,USW00013960,32.8519,-96.8556,11.0,3.0,10958.0,10228.0,21186.0
743,USW00013962,32.4106,-99.6822,11.0,3.0,10958.0,10958.0,21916.0
744,USW00013967,35.3889,-97.6006,11.0,3.0,10958.0,10958.0,21916.0
745,USW00013969,36.7367,-97.1019,11.0,3.0,10958.0,10958.0,21916.0
746,USW00023007,34.4272,-100.2831,11.0,3.0,10958.0,10958.0,21916.0
747,USW00023023,31.9433,-102.1889,11.0,3.0,10958.0,10958.0,21916.0
748,USW00093986,34.9894,-99.0525,11.0,3.0,10958.0,9862.0,20820.0
749,USW00093987,31.2361,-94.7544,11.0,3.0,10958.0,10958.0,21916.0
750,USC00100010,42.9536,-112.8253,12.0,3.0,10958.0,10958.0,21916.0
751,USC00101514,44.5228,-116.0481,12.0,1.0,10958.0,,
752,USC00102707,44.2436,-112.2006,12.0,3.0,10958.0,9863.0,20821.0
753,USC00105011,46.15,-115.9833,12.0,1.0,10958.0,,
754,USC00107386,48.3511,-116.8353,12.0,3.0,10958.0,10958.0,21916.0
755,USC00241044,45.6622,-111.0464,12.0,3.0,10958.0,10228.0,21186.0
756,USC00241047,45.6728,-111.1547,12.0,2.0,,9862.0,
757,USC00242104,48.1881,-114.1339,12.0,3.0,10958.0,10227.0,21185.0
758,USC00242409,45.2089,-112.6389,12.0,3.0,10958.0,10228.0,21186.0
759,USC00244050,46.6667,-112.05,12.0,,,,
760,USC00244558,48.3042,-114.2636,12.0,3.0,10958.0,10958.0,21916.0
761,USC00244954,46.3614,-110.5997,12.0,,,,
762,USC00245080,45.4956,-110.5589,12.0,3.0,9863.0,10227.0,20090.0
763,USC00245961,45.2436,-109.7311,12.0,3.0,10958.0,10593.0,21551.0
764,USC00246157,45.4875,-111.6336,12.0,3.0,10593.0,10958.0,21551.0
765,USC00246640,47.6775,-114.2419,12.0,3.0,10228.0,10228.0,20456.0
766,USC00246700,47.6544,-111.5981,12.0,,,,
767,USC00247964,45.8478,-113.9269,12.0,,,,
768,USC00248430,45.5472,-112.3261,12.0,3.0,10593.0,10227.0,20820.0
769,USW00024132,45.7881,-111.1608,12.0,3.0,10958.0,10227.0,21185.0
770,USW00024135,45.9647,-112.5006,12.0,3.0,10958.0,10593.0,21551.0
771,USW00024143,47.4733,-111.3822,12.0,3.0,10958.0,10958.0,21916.0
772,USW00024144,46.6056,-111.9636,12.0,3.0,10958.0,10593.0,21551.0
773,USW00024150,45.6983,-110.4408,12.0,3.0,10958.0,10593.0,21551.0
774,USW00024153,46.9208,-114.0925,12.0,3.0,10958.0,10958.0,21916.0
775,USW00024156,42.9203,-112.5711,12.0,3.0,10958.0,10958.0,21916.0
776,USC00026796,34.5706,-112.4322,13.0,3.0,10958.0,9863.0,20821.0
777,USC00027708,34.8956,-111.7644,13.0,1.0,10593.0,,
778,USC00028162,34.1311,-109.275,13.0,3.0,10593.0,9497.0,20090.0
779,USC00050214,39.4992,-108.3808,13.0,3.0,10958.0,9863.0,20821.0
780,USC00051458,37.7067,-106.1444,13.0,1.0,10958.0,,
781,USC00053951,37.7494,-107.095,13.0,3.0,10958.0,9131.0,20089.0
782,USC00054452,39.49,-105.0953,13.0,3.0,10593.0,10227.0,20820.0
783,USC00058560,38.3761,-108.7422,13.0,,,,
784,USC00291813,36.4661,-104.9456,13.0,3.0,9132.0,10227.0,19359.0
785,USC00291910,32.8339,-108.5047,13.0,3.0,10593.0,9497.0,20090.0
786,USC00295502,32.9167,-105.4667,13.0,,,,
787,USC00420738,37.6131,-109.4847,13.0,3.0,10958.0,10228.0,21186.0
788,USC00420849,37.905,-111.42,13.0,2.0,,10593.0,
789,USC00421171,38.2914,-111.2622,13.0,2.0,,10227.0,
790,USW00023050,35.0419,-106.6156,13.0,3.0,10958.0,10958.0,21916.0
791,USW00023054,35.6542,-105.1419,13.0,3.0,10958.0,10227.0,21185.0
792,USW00023061,37.4389,-105.8614,13.0,3.0,10958.0,10228.0,21186.0
793,USW00023066,39.1342,-108.54,13.0,3.0,10958.0,10958.0,21916.0
794,USW00023070,37.2622,-104.3378,13.0,3.0,10958.0,10592.0,21550.0
795,USW00023169,36.0719,-115.1633,13.0,3.0,10958.0,10958.0,21916.0
796,USW00023184,34.6517,-112.4208,13.0,3.0,10958.0,10593.0,21551.0
797,USW00093037,38.81,-104.6883,13.0,3.0,10958.0,10958.0,21916.0
798,USW00093129,37.7086,-113.0944,13.0,3.0,10958.0,10958.0,21916.0
799,USC00021614,34.3494,-111.6981,14.0,1.0,10958.0,,
800,USC00022109,34.305,-112.165,14.0,3.0,10227.0,9496.0,19723.0
801,USC00022669,31.35,-109.5833,14.0,,,,
802,USC00024391,34.4025,-111.6181,14.0,1.0,10958.0,,
803,USC00024829,33.3372,-112.1469,14.0,1.0,10958.0,,
804,USC00025467,33.4114,-111.8183,14.0,1.0,10958.0,,
805,USC00025512,33.4044,-110.87,14.0,1.0,10958.0,,
806,USC00026561,33.35,-110.9833,14.0,,,,
807,USC00028489,33.4333,-111.9333,14.0,1.0,10958.0,,
808,USC00028499,33.4258,-111.9217,14.0,2.0,,10958.0,
809,USC00028815,32.2292,-110.9536,14.0,1.0,10593.0,,
810,USC00029634,33.595,-112.3014,14.0,2.0,,9862.0,
811,USC00040607,33.9833,-116.9667,14.0,,,,
812,USC00042319,36.4622,-116.8669,14.0,,,,
813,USC00290131,32.2833,-106.75,14.0,,,,
814,USC00298535,32.2822,-106.7597,14.0,2.0,,10593.0,
815,USW00003104,33.6267,-116.1594,14.0,3.0,10958.0,10958.0,21916.0
816,USW00023043,33.4,-104.5333,14.0,,,,
817,USW00023044,31.8111,-106.3758,14.0,3.0,10958.0,10958.0,21916.0
818,USW00023158,33.6186,-114.7142,14.0,3.0,10958.0,10228.0,21186.0
819,USW00023160,32.1314,-110.9553,14.0,3.0,10958.0,10958.0,21916.0
820,USW00023161,34.8536,-116.7858,14.0,3.0,10958.0,10958.0,21916.0
821,USW00023179,34.7675,-114.6189,14.0,3.0,10958.0,10227.0,21185.0
822,USW00093026,31.4583,-109.6061,14.0,3.0,10958.0,10592.0,21550.0
823,USW00093145,32.7333,-114.6167,14.0,,,,
824,USC00049351,39.8056,-120.1858,15.0,1.0,10958.0,,
825,USC00101380,43.6667,-116.6833,15.0,1.0,9862.0,,
826,USC00106152,46.7281,-116.9558,15.0,3.0,10958.0,10227.0,21185.0
827,USC00109294,42.5833,-114.4667,15.0,,,,
828,USC00356405,43.65,-117.2467,15.0,3.0,10958.0,8766.0,19724.0
829,USC00358173,42.9592,-120.7897,15.0,2.0,,9862.0,
830,USC00422385,40.9656,-111.4336,15.0,3.0,10958.0,10958.0,21916.0
831,USC00427271,41.9064,-111.81,15.0,3.0,10958.0,9863.0,20821.0
832,USC00429165,40.7908,-111.4078,15.0,2.0,,9861.0,
833,USC00454679,47.0022,-118.5658,15.0,3.0,10228.0,10593.0,20821.0
834,USC00456789,46.7603,-117.1861,15.0,3.0,10593.0,10227.0,20820.0
835,USC00457267,47.0933,-117.5878,15.0,,,,
836,USW00023153,38.0511,-117.0903,15.0,2.0,,10958.0,
837,USW00023185,39.4839,-119.7711,15.0,3.0,10958.0,10958.0,21916.0
838,USW00024021,42.8153,-108.7261,15.0,3.0,10958.0,10228.0,21186.0
839,USW00024022,41.3119,-105.6747,15.0,3.0,10958.0,10958.0,21916.0
840,USW00024027,41.5944,-109.0528,15.0,3.0,10958.0,10958.0,21916.0
841,USW00024057,41.8056,-107.1997,15.0,3.0,10593.0,10593.0,21186.0
842,USW00024127,40.7781,-111.9694,15.0,3.0,10958.0,10958.0,21916.0
843,USW00024128,40.9017,-117.8081,15.0,3.0,10958.0,10958.0,21916.0
844,USW00024130,44.8428,-117.8086,15.0,3.0,10958.0,10593.0,21551.0
845,USW00024133,42.5417,-113.7661,15.0,3.0,10958.0,10592.0,21550.0
846,USW00024141,47.3078,-119.5153,15.0,3.0,10958.0,9863.0,20821.0
847,USW00024149,46.3747,-117.0156,15.0,3.0,10958.0,10958.0,21916.0
848,USW00024155,45.6906,-118.8528,15.0,3.0,10958.0,10958.0,21916.0
849,USW00024157,47.6217,-117.5281,15.0,3.0,10958.0,10958.0,21916.0
850,USW00024160,46.0947,-118.2869,15.0,3.0,10958.0,9497.0,20455.0
851,USW00024219,45.6194,-121.1661,15.0,3.0,10958.0,10592.0,21550.0
852,USW00024230,44.2558,-121.1392,15.0,3.0,10958.0,9497.0,20455.0
853,USW00024243,46.5683,-120.5428,15.0,3.0,10958.0,10958.0,21916.0
854,USW00094239,47.3978,-120.2014,15.0,2.0,,9862.0,
855,USC00041316,41.3378,-122.8247,16.0,1.0,9863.0,,
856,USC00044577,41.5786,-124.0747,16.0,1.0,10593.0,,
857,USC00048045,40.4833,-124.1039,16.0,3.0,10592.0,10226.0,20818.0
858,USC00350145,44.4044,-123.7533,16.0,2.0,,10592.0,
859,USC00350324,46.1833,-123.8333,16.0,,,,
860,USC00350897,45.6353,-121.9522,16.0,3.0,10958.0,10228.0,21186.0
861,USC00351643,46.1081,-123.2058,16.0,3.0,10958.0,10958.0,21916.0
862,USC00351682,45.205,-123.8925,16.0,3.0,10958.0,10227.0,21185.0
863,USC00352693,45.2694,-122.3167,16.0,3.0,10228.0,9862.0,20090.0
864,USC00353509,42.1211,-122.5481,16.0,2.0,,9862.0,
865,USC00353770,45.4486,-122.1547,16.0,3.0,10958.0,10593.0,21551.0
866,USC00353908,45.5139,-122.99,16.0,1.0,10958.0,,
867,USC00355050,43.9139,-122.76,16.0,2.0,,10958.0,
868,USC00357823,45.0058,-122.7739,16.0,2.0,,10593.0,
869,USC00358466,45.1219,-122.07,16.0,3.0,10593.0,9130.0,19723.0
870,USC00358536,43.275,-122.4497,16.0,2.0,,10593.0,
871,USC00359461,43.2828,-123.3536,16.0,3.0,9863.0,10592.0,20455.0
872,USC00450945,47.1694,-122.0036,16.0,1.0,10958.0,,
873,USC00451414,47.9522,-122.7908,16.0,3.0,10958.0,10958.0,21916.0
874,USC00456096,48.6117,-122.8064,16.0,1.0,10958.0,,
875,USC00456803,47.2,-122.3333,16.0,1.0,10958.0,,
876,USC00457185,48.7272,-121.0722,16.0,2.0,,10228.0,
877,USW00024213,40.8097,-124.1603,16.0,3.0,10958.0,10958.0,21916.0
878,USW00024217,48.7939,-122.5372,16.0,3.0,10958.0,8766.0,19724.0
879,USW00024221,44.1278,-123.2206,16.0,3.0,10958.0,10958.0,21916.0
880,USW00024225,42.3811,-122.8722,16.0,3.0,10958.0,10958.0,21916.0
881,USW00024227,46.9733,-122.9033,16.0,3.0,10958.0,10958.0,21916.0
882,USW00024229,45.5908,-122.6003,16.0,3.0,10958.0,10958.0,21916.0
883,USW00024232,44.905,-123.0011,16.0,3.0,10958.0,10958.0,21916.0
884,USW00024233,47.4444,-122.3139,16.0,3.0,10958.0,10958.0,21916.0
885,USW00024274,45.5333,-122.6667,16.0,,,,
886,USW00024281,47.65,-122.3,16.0,1.0,10592.0,,
887,USW00024284,43.4133,-124.2436,16.0,3.0,10958.0,10592.0,21550.0
888,USW00025308,55.0389,-131.5786,16.0,1.0,10958.0,,
889,USW00094224,46.1569,-123.8825,16.0,2.0,,10958.0,
890,USW00094225,46.9728,-123.9303,16.0,2.0,,10593.0,
891,USW00094240,47.9375,-124.555,16.0,2.0,,10958.0,
892,USC00041624,39.7833,-121.6667,17.0,,,,
893,USC00042012,36.0975,-119.5817,17.0,3.0,10958.0,9862.0,20820.0
894,USC00043578,38.4306,-122.8647,17.0,3.0,10958.0,10958.0,21916.0
895,USC00048587,39.5861,-122.5342,17.0,3.0,10958.0,10592.0,21550.0
896,USC00048606,39.5631,-121.1078,17.0,3.0,10958.0,10227.0,21185.0
897,USC00049785,34.1819,-118.5744,17.0,3.0,10958.0,10226.0,21184.0
898,USW00023155,35.4344,-119.0542,17.0,3.0,10958.0,10958.0,21916.0
899,USW00023174,33.9381,-118.3889,17.0,3.0,10958.0,10958.0,21916.0
900,USW00023188,32.7336,-117.1831,17.0,3.0,10958.0,10958.0,21916.0
901,USW00023190,34.4258,-119.8425,17.0,3.0,10958.0,8766.0,19724.0
902,USW00023232,38.5069,-121.495,17.0,3.0,10958.0,10958.0,21916.0
903,USW00023233,36.6636,-121.6081,17.0,3.0,10228.0,10958.0,21186.0
904,USW00023234,37.6197,-122.3647,17.0,3.0,10958.0,10958.0,21916.0
905,USW00023271,38.5556,-121.4169,17.0,3.0,10958.0,10958.0,21916.0
906,USW00023272,37.7706,-122.4269,17.0,3.0,10958.0,10958.0,21916.0
907,USW00023273,34.8994,-120.4486,17.0,3.0,10958.0,10958.0,21916.0
908,USW00093101,33.6667,-117.7333,17.0,1.0,10592.0,,
909,USW00093193,36.78,-119.7194,17.0,3.0,10958.0,10958.0,21916.0
910,USW00093209,35.6697,-120.6283,17.0,3.0,10958.0,10958.0,21916.0
911,USW00025503,58.6794,-156.6294,18.0,3.0,10958.0,10958.0,21916.0
912,USW00026615,60.785,-161.8292,18.0,3.0,10958.0,10958.0,21916.0
913,USW00025507,59.6419,-151.4908,19.0,3.0,10593.0,10228.0,20821.0
914,USW00026411,64.8039,-147.8761,19.0,3.0,10958.0,10958.0,21916.0
915,USW00026451,61.1689,-150.0278,19.0,2.0,,10958.0,
916,USW00026510,62.9575,-155.6103,19.0,3.0,10958.0,8766.0,19724.0
917,USC00042177,38.0333,-122.2167,20.0,,,,
918,USC00187806,38.7153,-76.1908,20.0,3.0,10958.0,9862.0,20820.0
919,USC00192501,41.3853,-70.5181,20.0,3.0,10593.0,10958.0,21551.0
920,USC00515330,19.6633,-155.9603,20.0,1.0,9862.0,,
921,USC00517166,19.2706,-155.8747,20.0,,,,
922,USC00519025,19.6581,-155.1325,20.0,,,,
923,USW00012836,24.555,-81.7522,20.0,3.0,9132.0,10958.0,20090.0
924,USW00013721,38.3,-76.4167,20.0,3.0,10958.0,9862.0,20820.0
925,USW00013724,39.3792,-74.4242,20.0,3.0,10958.0,10958.0,21916.0
926,USW00021504,19.7192,-155.0531,20.0,3.0,10958.0,10958.0,21916.0
927,USW00022521,21.3239,-157.9294,20.0,3.0,10958.0,10958.0,21916.0
928,USW00022536,21.9839,-159.3405,20.0,3.0,10958.0,10958.0,21916.0
929,USW00023239,37.7333,-122.3167,20.0,1.0,10958.0,,
930,USW00025333,57.0481,-135.3647,20.0,3.0,10958.0,9862.0,20820.0
931,USW00025501,57.7511,-152.4856,20.0,3.0,10958.0,10958.0,21916.0
932,USW00025713,57.1553,-170.2222,20.0,3.0,10958.0,10592.0,21550.0
933,USW00093729,35.2325,-75.6219,20.0,2.0,,10958.0,
